Run Order,Run Date,Location,Name,Location ,Broad Location,Group,Year,Number,C13,O18,Li(7)/Ca,Na(23)/Ca,Mg(24)/Ca,Mn(55)/Ca,Fe(57)/Ca,Cu(63)/Ca,Cu(65)/Ca,Zn(66)/Ca,Zn(68)/Ca,Sr(88)/Ca,Ag(107)/Ca,Cd(111)/Ca,Ba(137)/Ca,Pb(208)/Ca
54,43124,Manhasset,112,14,SNE,2,2016,11,-3.2,31.5,1.30354E-06,0.02129899,#VALUE!,2.22146E-05,#VALUE!,7.30913E-05,6.05182E-05,-0.000324549,-0.000280193,0.007495504,3.24792E-07,#VALUE!,#VALUE!,#VALUE!
70,43124,Manhasset,113,14,SNE,2,2016,12,-3.4,31.6,1.2173E-06,0.015333943,0.000231758,1.39415E-05,#VALUE!,8.69507E-05,7.18388E-05,-0.000371268,-0.000321023,0.007120474,4.67373E-07,#VALUE!,#VALUE!,#VALUE!
76,43124,Manhasset,114,14,SNE,2,2016,15,-3.2,30.1,1.97603E-06,0.012047736,#VALUE!,1.02136E-05,#VALUE!,7.00795E-05,5.75155E-05,-0.000304104,-0.00026274,0.007036858,3.83322E-07,#VALUE!,#VALUE!,#VALUE!
78,43124,Manhasset,115,14,SNE,2,2016,19,-3.9,31.5,1.25969E-06,0.012553964,#VALUE!,1.49041E-05,#VALUE!,7.74952E-05,6.36137E-05,-0.00033409,-0.000288955,0.006632088,2.72252E-07,#VALUE!,#VALUE!,#VALUE!
66,43124,Manhasset,116,14,SNE,2,2016,22,-3.4,31.4,1.34674E-06,0.011960481,#VALUE!,1.52782E-05,#VALUE!,6.6414E-05,5.48802E-05,-0.000289327,-0.000250088,0.00647007,2.54338E-07,#VALUE!,#VALUE!,#VALUE!
44,43124,Manhasset,117,14,SNE,2,2016,23,-2.6,31.0,1.42698E-06,0.012992771,#VALUE!,3.28203E-05,#VALUE!,7.04994E-05,5.79369E-05,#VALUE!,#VALUE!,0.007393108,2.07847E-07,#VALUE!,#VALUE!,#VALUE!
81,43124,Oyster Bay,150,15,SNE,2,2016,49,-3.6,31.3,1.33663E-06,0.013295672,#VALUE!,6.17644E-05,#VALUE!,8.11714E-05,6.89642E-05,-0.000302984,-0.000261837,0.00665583,4.18253E-07,#VALUE!,#VALUE!,#VALUE!
49,43124,Oyster Bay,151,15,SNE,2,2016,52,,,1.39605E-06,0.014542503,#VALUE!,6.77712E-05,#VALUE!,9.79753E-05,8.10663E-05,-0.000410535,-0.000354663,0.007315859,6.30765E-07,#VALUE!,#VALUE!,#VALUE!
67,43124,Oyster Bay,152,15,SNE,2,2016,53,-3.8,31.2,1.35387E-06,0.013262511,0.000154829,4.92808E-05,#VALUE!,6.95164E-05,5.80466E-05,-0.000284653,-0.000247019,0.006855205,2.32152E-07,#VALUE!,#VALUE!,#VALUE!
68,43124,Oyster Bay,153,15,SNE,2,2016,56,-4.0,31.1,1.30194E-06,0.012547017,#VALUE!,0.000358815,#VALUE!,7.26288E-05,5.93855E-05,-0.000312017,-0.000269426,0.006700012,8.65213E-07,#VALUE!,#VALUE!,#VALUE!
52,43124,Oyster Bay,154,15,SNE,2,2016,57,-3.6,31.2,1.41498E-06,0.013013848,#VALUE!,0.00018159,#VALUE!,6.89414E-05,5.68893E-05,-0.000310993,-0.000268549,0.006940759,3.33438E-07,#VALUE!,#VALUE!,#VALUE!
77,43124,Oyster Bay,155,15,SNE,2,2016,58,-3.2,31.2,1.83403E-06,0.014412294,#VALUE!,0.000178316,#VALUE!,8.13949E-05,6.81281E-05,-0.000322369,-0.000279965,0.007284742,6.66268E-07,#VALUE!,#VALUE!,#VALUE!
55,43124,Oyster Bay,156,15,SNE,2,2016,61,-4.0,31.2,1.4581E-06,0.01252166,#VALUE!,8.67989E-05,#VALUE!,6.91516E-05,5.68251E-05,#VALUE!,#VALUE!,0.007144137,9.64355E-07,#VALUE!,#VALUE!,#VALUE!
51,43124,Oyster Bay,157,15,SNE,2,2016,62,-3.7,31.1,1.7148E-06,0.013472625,0.00019604,9.98499E-05,#VALUE!,7.72178E-05,6.38939E-05,-0.000351751,-0.000303877,0.007606409,2.38309E-07,#VALUE!,#VALUE!,#VALUE!
37,43124,Oyster Bay,158,15,SNE,2,2016,68,-3.9,31.3,1.48441E-06,0.012974833,0.000146204,0.000127501,4.64557E-05,7.57093E-05,6.35117E-05,-0.000324607,-0.000280415,0.007212176,3.93412E-07,#VALUE!,#VALUE!,-4.21261E-07
36,43124,Deer,44,4,GOM,1,2016,72,,,2.30669E-06,0.01442553,0.000222463,1.49493E-05,9.12482E-05,0.000227496,0.000203391,-0.000306063,-0.000265076,0.006362284,4.97407E-07,#VALUE!,#VALUE!,3.68972E-06
38,43124,Deer,45,4,GOM,1,2016,74,-2.5,32.4,1.54297E-06,0.015080438,#VALUE!,8.39262E-06,#VALUE!,9.83559E-05,8.29169E-05,-0.000363812,-0.000314707,0.007371873,3.74711E-07,#VALUE!,#VALUE!,-9.71118E-07
40,43124,Deer,46,4,GOM,1,2016,75,-2.6,32.1,1.62777E-06,0.014432981,0.00017782,1.12388E-05,#VALUE!,8.36766E-05,7.06383E-05,-0.000339707,-0.000293601,0.007099375,4.33893E-07,#VALUE!,#VALUE!,-1.57187E-06
27,43343,Hampton/Seabrook,47,2,GOM,1,2016,85,-3.4,32.4,1.32506E-06,0.00931064,0.000265236,5.95214E-06,4.71121E-05,1.55916E-05,1.5379E-05,7.82908E-05,7.79412E-05,0.005328997,1.31059E-07,1.60687E-07,1.622E-05,4.17136E-06
28,43343,Hampton/Seabrook,48,2,GOM,1,2016,86,-2.8,32.1,1.51401E-06,0.011382317,0.000370181,7.58584E-06,0.000145908,2.86963E-05,2.83472E-05,0.000104045,0.00010573,0.004657299,1.34039E-07,1.10067E-07,1.94819E-05,5.90402E-06
29,43343,Hampton/Seabrook,49,2,GOM,1,2016,87,-1.8,32.5,2.88346E-06,0.019329786,0.000455521,1.60348E-05,0.00013222,2.27118E-05,2.30579E-05,0.00017037,0.000167196,0.010117197,2.66704E-07,3.80643E-07,2.03469E-05,1.62717E-05
30,43343,Hampton/Seabrook,50,2,GOM,1,2016,89,-3.0,32.3,1.27415E-06,0.007267969,0.000237854,5.41345E-06,0.000158575,1.9174E-05,1.89352E-05,0.000156479,0.000155374,0.004276762,1.37644E-07,2.04785E-07,1.68152E-05,2.28183E-06
41,43124,Naragansett,125,11,SNE,2,2016,91,,,1.27725E-06,0.012457138,#VALUE!,1.38371E-05,#VALUE!,7.91252E-05,6.55721E-05,-0.000359863,-0.000310899,0.007811216,3.41118E-07,#VALUE!,#VALUE!,#VALUE!
58,43124,Naragansett,126,11,SNE,2,2016,92,-2.7,31.6,1.49182E-06,0.013104865,0.000148968,1.90771E-05,#VALUE!,8.1827E-05,6.77928E-05,-0.000351551,-0.000304677,0.007534982,5.6331E-07,#VALUE!,#VALUE!,#VALUE!
45,43124,Naragansett,127,11,SNE,2,2016,93,-2.3,31.7,2.17848E-06,0.010725766,0.000760043,3.64092E-05,#VALUE!,7.46342E-05,6.13942E-05,-0.000342902,-0.000296387,0.006345936,8.44383E-07,#VALUE!,#VALUE!,#VALUE!
43,43124,Naragansett,128,11,SNE,2,2016,94,,,1.6653E-06,0.013243357,#VALUE!,1.15701E-05,#VALUE!,7.31347E-05,6.06941E-05,-0.000321324,-0.000277728,0.007249731,7.49917E-07,#VALUE!,#VALUE!,#VALUE!
42,43124,Naragansett,129,11,SNE,2,2016,95,-3.1,31.6,1.58274E-06,0.013122895,0.00014555,1.4103E-05,#VALUE!,7.52858E-05,6.21951E-05,-0.000331101,-0.000286102,0.007577883,3.73317E-07,#VALUE!,#VALUE!,#VALUE!
71,43124,Menemsha,118,10,SNE,2,2016,96,-2.9,32.3,1.50685E-06,0.012639709,#VALUE!,1.19288E-05,#VALUE!,8.23199E-05,6.78003E-05,-0.000358398,-0.000310516,0.007677977,4.23926E-07,#VALUE!,#VALUE!,#VALUE!
64,43124,Menemsha,119,10,SNE,2,2016,99,-3.1,32.6,1.69857E-06,0.013775804,#VALUE!,6.91994E-06,#VALUE!,7.41065E-05,6.10287E-05,-0.000317827,-0.000274688,0.006692121,3.21947E-07,#VALUE!,#VALUE!,#VALUE!
50,43124,Menemsha,120,10,SNE,2,2016,102,-2.5,32.6,1.42738E-06,0.013629787,#VALUE!,7.78478E-06,#VALUE!,8.41808E-05,6.92067E-05,-0.000386936,#VALUE!,0.007443985,3.73109E-07,#VALUE!,#VALUE!,#VALUE!
56,43124,Menemsha,121,10,SNE,2,2016,103,,,1.43635E-06,0.012651856,#VALUE!,7.36141E-06,1.0839E-05,7.10442E-05,5.85583E-05,-0.000313926,-0.00027133,0.006734817,2.71952E-07,#VALUE!,#VALUE!,#VALUE!
75,43124,Menemsha,122,10,SNE,2,2016,108,-2.4,30.5,1.8782E-06,0.012449362,0.000141945,1.0361E-05,#VALUE!,7.50201E-05,6.14398E-05,-0.000327059,-0.000283017,0.006865766,5.46388E-07,#VALUE!,#VALUE!,#VALUE!
80,43124,Menemsha,123,10,SNE,2,2016,109,-3.1,30.6,1.57315E-06,0.012425913,0.000140249,9.84195E-06,#VALUE!,7.79636E-05,6.39444E-05,-0.000338791,-0.000292936,0.007246854,6.09389E-07,#VALUE!,#VALUE!,#VALUE!
57,43124,Menemsha,124,10,SNE,2,2016,110,-3.1,30.3,1.6996E-06,0.013745434,#VALUE!,9.73475E-06,#VALUE!,8.14751E-05,6.78694E-05,-0.000362582,#VALUE!,0.007209304,7.03259E-07,#VALUE!,#VALUE!,#VALUE!
31,43343,Niantic River,131,12,SNE,2,2016,113,-1.9,31.9,2.15423E-06,0.01798337,0.000263226,1.05524E-05,4.66204E-05,1.76368E-05,1.76946E-05,6.76369E-05,6.68616E-05,0.010070702,1.26637E-07,6.37847E-08,1.46722E-05,3.4915E-06
69,43124,Niantic River,130,12,SNE,2,2016,116,-2.4,30.6,1.63118E-06,0.013339277,#VALUE!,9.75818E-06,#VALUE!,0.000122937,0.000106974,-0.000362874,-0.000313639,0.007006697,2.69329E-07,#VALUE!,#VALUE!,#VALUE!
32,43343,Niantic River,132,12,SNE,2,2016,125,-1.5,31.5,1.62641E-06,0.01296115,0.00022584,7.53174E-06,4.77541E-05,1.89432E-05,1.91576E-05,8.61162E-05,8.59318E-05,0.006667242,1.24909E-07,9.24441E-08,3.0177E-05,8.8172E-07
33,43343,Niantic River,133,12,SNE,2,2016,127,-2.4,31.3,2.62587E-06,0.021827044,0.000193386,1.66901E-05,6.42565E-05,2.06889E-05,2.15047E-05,0.000118871,0.000113402,0.013767993,1.41595E-07,5.34604E-08,1.99814E-05,9.02776E-08
65,43124,Lagoon Pond,89,9,SNE,2,2016,131,-1.0,30.5,1.56139E-06,0.013075997,0.000177845,4.79566E-06,#VALUE!,8.30043E-05,6.80103E-05,-0.000378596,-0.000327111,0.007514901,2.50474E-07,#VALUE!,#VALUE!,#VALUE!
83,43124,Lagoon Pond,90,9,SNE,2,2016,132,-2.3,30.4,1.60762E-06,0.011794121,#VALUE!,8.60661E-06,#VALUE!,7.33504E-05,5.97182E-05,-0.000323917,-0.000279754,0.007838121,3.52484E-07,#VALUE!,#VALUE!,#VALUE!
34,43343,Lagoon Pond,92,9,SNE,2,2016,133,-1.6,31.4,1.61909E-06,0.01147006,0.000178629,4.77243E-06,5.50095E-05,1.75122E-05,1.75561E-05,5.94817E-05,5.90232E-05,0.007554316,1.33343E-07,6.94831E-08,3.2545E-05,3.51952E-07
63,43124,Lagoon Pond,91,9,SNE,2,2016,136,-1.7,30.6,1.58506E-06,0.012983947,#VALUE!,3.70179E-06,#VALUE!,8.32386E-05,6.85968E-05,-0.000376347,-0.000324934,0.007703955,3.25022E-07,#VALUE!,#VALUE!,#VALUE!
79,43124,Hempstead,51,16,SNE,2,2016,141,-1.7,30.7,1.55011E-06,0.012553587,#VALUE!,4.18987E-06,#VALUE!,7.67732E-05,6.28415E-05,-0.0003366,-0.000290818,0.007404004,2.35859E-07,#VALUE!,#VALUE!,#VALUE!
62,43124,Hempstead,52,16,SNE,2,2016,143,-3.9,29.2,1.38799E-06,0.012566511,0.000124958,3.22498E-05,#VALUE!,8.13451E-05,6.926E-05,-0.000295501,-0.000256604,0.006464391,3.52286E-07,#VALUE!,#VALUE!,#VALUE!
53,43124,Hempstead,53,16,SNE,2,2016,144,-3.5,29.2,1.46171E-06,0.011988169,#VALUE!,5.74365E-05,#VALUE!,8.10169E-05,6.83947E-05,-0.000321023,-0.000277154,0.007126489,4.25345E-07,#VALUE!,#VALUE!,#VALUE!
39,43124,Hempstead,54,16,SNE,2,2016,145,-4.1,29.0,1.36617E-06,0.011889509,0.000150124,3.65932E-05,#VALUE!,6.34542E-05,5.27769E-05,-0.000287176,-0.000247981,0.00632461,1.84915E-07,#VALUE!,#VALUE!,-4.758E-07
82,43124,Hempstead,55,16,SNE,2,2016,146,-3.8,29.2,1.47217E-06,0.017110634,#VALUE!,4.422E-05,#VALUE!,7.99279E-05,6.6339E-05,-0.000329278,-0.000284907,0.006572972,4.76642E-07,#VALUE!,#VALUE!,#VALUE!
66,43187,Hempstead,56,16,SNE,2,2016,147,-3.7,29.6,9.60779E-07,0.007319857,0.000125697,7.5514E-05,9.69235E-06,5.47203E-06,5.24468E-06,2.16185E-05,1.92298E-05,0.004473302,-4.33037E-08,-2.41592E-08,4.6373E-06,2.90927E-07
20,43187,Hempstead,71,16,SNE,2,2016,148,-3.3,29.1,9.30607E-07,0.007398225,0.000142781,1.44043E-05,1.2305E-05,1.13409E-06,1.09376E-06,2.08988E-05,1.86703E-05,0.004475316,-4.23102E-08,-1.93536E-08,5.62871E-06,3.14683E-07
58,43187,Hempstead,57,16,SNE,2,2016,149,-3.6,28.7,8.35776E-07,0.007244973,7.90156E-05,5.02917E-06,3.20374E-06,1.28378E-06,1.14247E-06,1.90888E-05,1.73269E-05,0.005082786,-3.80788E-08,-2.32114E-08,3.62282E-06,2.73899E-07
42,43187,Hempstead,58,16,SNE,2,2016,150,-3.3,29.0,8.83243E-07,0.00709995,0.000133218,1.2055E-05,5.51161E-06,1.26008E-06,1.2964E-06,2.87226E-05,2.62076E-05,0.004663762,-3.91058E-08,-1.37216E-08,4.00147E-06,3.07766E-07
27,43187,Hempstead,59,16,SNE,2,2016,151,-3.3,29.2,9.01969E-07,0.00741415,0.000135142,1.94329E-05,0.00013648,1.77431E-06,1.66389E-06,3.58444E-05,3.18078E-05,0.004554758,-3.88971E-08,1.38082E-08,4.76539E-06,3.37439E-07
91,43187,Hempstead,60,16,SNE,2,2016,152,-3.5,30.6,9.96429E-07,0.006815042,0.000138841,2.82694E-05,1.06599E-05,1.41078E-06,1.3715E-06,2.81276E-05,2.50261E-05,0.004869663,1.41749E-08,-6.01101E-09,5.30963E-06,4.31186E-07
30,43187,Hempstead,61,16,SNE,2,2016,153,-3.1,28.9,8.84882E-07,0.007131632,0.000144795,1.32547E-05,2.42586E-05,1.52702E-06,1.51828E-06,2.73119E-05,2.48729E-05,0.005218601,-4.27856E-08,-1.6748E-08,7.60981E-06,3.35855E-07
94,43187,Hempstead,62,16,SNE,2,2016,154,-3.9,30.6,9.95182E-07,0.006908474,8.69167E-05,2.38839E-05,9.14433E-06,1.45469E-06,1.34457E-06,2.05105E-05,1.81906E-05,0.004537865,2.06986E-08,-1.31763E-08,4.60264E-06,3.59035E-07
65,43187,Hempstead,63,16,SNE,2,2016,155,-3.5,29.0,9.46115E-07,0.007453756,0.000134058,2.64345E-05,1.4728E-05,1.83901E-06,1.61411E-06,2.85504E-05,2.55579E-05,0.004828126,-2.96187E-08,-5.44537E-09,4.41576E-06,3.19513E-07
55,43187,Hempstead,64,16,SNE,2,2016,156,-3.6,28.8,8.93526E-07,0.00716621,0.00013107,3.90646E-05,5.34718E-06,1.47965E-06,1.4358E-06,2.82682E-05,2.5137E-05,0.004539837,-3.50883E-08,-2.7087E-08,6.10972E-06,3.5553E-07
113,43187,Hempstead,65,16,SNE,2,2016,157,-3.5,30.5,1.04317E-06,0.006477803,0.000141428,2.48277E-05,1.99214E-06,2.66764E-06,2.34144E-06,2.63397E-05,2.32649E-05,0.004629627,7.90874E-08,-3.51454E-08,4.83092E-06,4.79958E-07
26,43187,Hempstead,66,16,SNE,2,2016,158,-3.7,28.8,8.93707E-07,0.007202227,0.000122632,2.49607E-05,2.79552E-06,1.52857E-06,1.36748E-06,2.39759E-05,2.24134E-05,0.004886633,-4.11158E-08,-2.66785E-08,5.19414E-06,3.15144E-07
60,43187,Hempstead,67,16,SNE,2,2016,159,-3.9,29.3,9.19003E-07,0.007127408,0.00014447,4.0534E-05,5.26926E-06,1.44093E-06,1.16223E-06,2.66215E-05,2.42729E-05,0.004557612,-4.6715E-08,-2.64924E-08,6.55439E-06,3.23848E-07
71,43187,Hempstead,68,16,SNE,2,2016,160,-4.0,28.8,8.95369E-07,0.00689466,0.000116272,1.20234E-05,5.34446E-06,1.65337E-06,1.47579E-06,2.63894E-05,2.41174E-05,0.004983854,-2.7754E-08,-2.51749E-08,4.55398E-06,3.26769E-07
47,43187,Hempstead,69,16,SNE,2,2016,161,-3.9,29.2,9.49824E-07,0.007314001,0.000117124,1.78761E-05,9.59178E-06,2.03956E-06,2.09265E-06,3.04481E-05,2.77158E-05,0.004583492,-2.38017E-08,-1.62634E-08,5.27451E-06,4.23958E-07
28,43187,Hempstead,70,16,SNE,2,2016,162,-3.9,28.8,9.02454E-07,0.00714554,0.000141967,1.71103E-05,5.09215E-06,1.20478E-06,1.08952E-06,2.44323E-05,2.19536E-05,0.00488797,-3.40488E-08,-1.41684E-08,4.72038E-06,1.26643E-06
35,43343,Little Harbor,93,1,GOM,1,2016,163,,,7.086E-07,0.001737889,0.000101898,2.95076E-06,6.5319E-05,1.52215E-05,1.51078E-05,6.15589E-05,6.08015E-05,0.000775028,1.33464E-07,9.53735E-08,7.55497E-06,1.30735E-06
39,43343,Little Harbor,94,1,GOM,1,2016,164,-1.5,32.6,1.25898E-06,0.015139389,0.000177571,5.60218E-06,0.000138929,1.42029E-05,1.40042E-05,6.1478E-05,6.08665E-05,0.003527776,1.44635E-07,9.14388E-08,9.41988E-06,8.4275E-07
40,43343,Little Harbor,95,1,GOM,1,2016,165,-2.1,32.2,8.40109E-07,0.002593586,0.000111808,3.34622E-06,4.38314E-05,1.80395E-05,1.77205E-05,8.50317E-05,8.31993E-05,0.001429647,1.465E-07,9.49212E-08,8.62984E-06,1.62968E-06
41,43343,Little Harbor,96,1,GOM,1,2016,167,-2.9,32.5,1.12242E-06,0.005378703,0.000146425,4.40587E-06,0.000104351,1.44949E-05,1.45788E-05,6.32977E-05,6.27361E-05,0.00316142,1.64545E-07,9.45852E-08,9.432E-06,7.36338E-07
42,43343,Little Harbor,97,1,GOM,1,2016,168,-2.0,32.2,8.8697E-07,0.002900545,0.000104678,4.34086E-06,4.52601E-05,1.37045E-05,1.3699E-05,5.60911E-05,5.49591E-05,0.001497391,1.68683E-07,5.35971E-08,8.14129E-06,2.85096E-07
43,43343,Little Harbor,98,1,GOM,1,2016,169,-1.6,32.5,1.39052E-06,0.007625468,0.000143427,6.72192E-06,0.000100861,1.72441E-05,1.73223E-05,6.90863E-05,6.77319E-05,0.004163579,1.86937E-07,4.67685E-08,1.17922E-05,5.23189E-07
44,43343,Little Harbor,99,1,GOM,1,2016,170,-1.8,32.4,1.41996E-06,0.007985232,0.000161465,6.78922E-06,0.000131785,1.7442E-05,1.75609E-05,7.898E-05,7.74177E-05,0.004355147,2.20394E-07,1.57573E-07,1.32682E-05,1.18373E-06
45,43343,Little Harbor,100,1,GOM,1,2016,171,-1.4,32.5,1.22541E-06,0.006827905,0.00013959,4.86503E-06,5.5224E-05,1.34028E-05,1.33657E-05,4.99793E-05,4.99181E-05,0.003457137,1.80851E-07,4.28489E-08,1.03325E-05,9.34787E-08
46,43343,Little Harbor,101,1,GOM,1,2016,172,-1.9,32.3,1.07579E-06,0.003845291,0.000163348,4.34984E-06,9.28416E-05,2.95246E-05,2.90097E-05,7.10932E-05,6.97477E-05,0.0019705,2.14972E-07,7.15854E-08,9.52528E-06,8.42897E-07
50,43343,Little Harbor,102,1,GOM,1,2016,173,-2.0,32.3,1.93536E-06,0.110622367,0.003691937,6.07314E-06,0.000151241,4.96736E-05,4.77283E-05,0.000216538,0.000213237,0.003584122,2.51284E-07,1.33674E-07,1.32953E-05,1.39243E-06
51,43343,Little Harbor,103,1,GOM,1,2016,174,-1.5,31.9,1.6599E-06,0.00293614,0.000460793,1.53977E-05,0.000447178,2.80105E-05,2.67759E-05,0.000128009,0.000126727,0.001009287,6.21961E-07,1.8035E-07,9.48062E-06,3.12131E-06
52,43343,Little Harbor,104,1,GOM,1,2016,175,-2.2,31.8,1.00458E-06,0.003193274,0.000129347,3.74329E-06,6.12074E-05,1.57709E-05,1.49784E-05,9.1848E-05,9.23188E-05,0.001689081,2.07591E-07,2.87712E-07,9.57179E-06,9.70961E-07
53,43343,Little Harbor,105,1,GOM,1,2016,176,-1.7,31.5,1.08452E-06,0.004213592,0.000146338,4.27816E-06,0.000114486,2.69153E-05,2.58375E-05,9.50608E-05,9.4977E-05,0.002176498,2.42852E-07,1.76425E-07,1.14744E-05,9.43218E-07
54,43343,Little Harbor,106,1,GOM,1,2016,177,-1.9,32.2,8.4519E-07,0.002008572,0.000111047,3.1323E-06,5.50325E-05,1.53824E-05,1.47264E-05,7.03158E-05,6.94506E-05,0.001056417,2.1211E-07,4.65384E-08,9.45594E-06,5.39334E-07
55,43343,Little Harbor,107,1,GOM,1,2016,178,-2.5,31.8,1.07139E-06,0.002891617,0.000215755,3.83783E-06,0.000111378,1.50623E-05,1.44776E-05,8.4459E-05,8.26637E-05,0.001640263,2.34458E-07,6.56289E-08,1.02403E-05,8.66755E-06
56,43343,Little Harbor,108,1,GOM,1,2016,179,-1.6,31.8,1.05016E-06,0.003829356,0.000128877,3.72765E-06,6.94258E-05,1.51775E-05,1.45396E-05,6.75795E-05,6.50228E-05,0.002024095,2.34984E-07,5.84313E-08,1.03949E-05,3.81179E-07
57,43343,Little Harbor,109,1,GOM,1,2016,180,-1.5,31.9,1.30343E-06,0.006269608,0.000142794,6.08149E-06,9.13832E-05,2.10108E-05,2.0156E-05,0.000129353,0.000126792,0.003344053,2.39148E-07,7.95979E-08,1.21427E-05,8.23869E-07
58,43343,Little Harbor,110,1,GOM,1,2016,181,-1.4,31.8,9.10403E-07,0.001828608,0.000151465,2.92009E-06,5.11737E-05,2.50626E-05,2.36917E-05,9.04644E-05,9.1093E-05,0.000844485,2.84569E-07,3.23795E-07,9.31595E-06,3.05488E-06
62,43343,Little Harbor,111,1,GOM,1,2016,182,-1.6,31.6,1.01138E-06,0.003001142,0.000133693,3.71054E-06,5.21371E-05,1.81122E-05,1.68974E-05,7.99916E-05,7.70467E-05,0.001554729,2.52068E-07,7.02494E-08,1.11537E-05,1.91025E-06
25,43187,Jamaica Bay,85,13,SNE,2,2016,183,-5.7,28.7,8.75404E-07,0.0070482,0.000114025,4.12062E-06,2.26161E-05,1.71887E-06,1.61199E-06,4.68832E-05,4.18327E-05,0.004860957,-4.68143E-08,-2.62939E-08,4.12727E-06,3.32618E-07
107,43187,Jamaica Bay,73,13,SNE,2,2016,184,-5.8,30.0,9.86923E-07,0.006475253,0.000133078,4.70243E-06,2.1413E-05,2.80569E-06,2.50935E-06,5.23437E-05,4.5502E-05,0.004833746,4.14221E-08,-2.72652E-08,4.67515E-06,4.66506E-07
59,43187,Jamaica Bay,74,13,SNE,2,2016,185,-5.0,28.6,8.86242E-07,0.00732004,0.000119318,6.17202E-06,2.84925E-05,1.85776E-06,1.61337E-06,3.42003E-05,3.06142E-05,0.004848816,-3.05601E-08,-1.63692E-08,4.96502E-06,3.38641E-07
45,43187,Cotuit,27,7,SNE,2,2016,186,-4.8,28.5,9.06771E-07,0.007159717,0.000135629,6.74582E-06,1.38138E-05,1.9409E-06,1.9948E-06,3.88392E-05,3.48694E-05,0.004950021,-2.1966E-08,-1.65622E-08,4.45858E-06,3.27787E-07
64,43187,Jamaica Bay,72,13,SNE,2,2016,187,-5.1,28.3,9.28729E-07,0.007322417,0.000103122,6.26847E-06,1.76128E-05,1.3778E-06,1.03771E-06,3.74183E-05,3.34518E-05,0.004996248,-4.96395E-08,-2.37843E-08,5.18366E-06,3.18291E-07
100,43187,Jamaica Bay,75,13,SNE,2,2016,189,-5.1,30.1,1.01433E-06,0.006475922,0.000136887,4.71197E-06,2.0284E-05,2.35301E-06,2.10585E-06,5.50473E-05,4.66007E-05,0.004385692,2.12371E-08,-1.90227E-08,4.09846E-06,4.9424E-07
56,43187,Jamaica Bay,76,13,SNE,2,2016,190,-5.7,28.5,8.659E-07,0.007158171,0.000105572,5.0765E-06,4.25153E-05,1.43761E-06,1.31873E-06,3.97176E-05,3.45672E-05,0.004917273,-4.1329E-08,-2.58636E-08,4.13066E-06,3.05387E-07
46,43187,Jamaica Bay,77,13,SNE,2,2016,191,-5.3,28.3,9.14379E-07,0.006958566,0.000120991,4.14808E-06,1.93744E-05,1.53604E-06,1.63104E-06,3.6795E-05,3.26541E-05,0.004858733,-3.43955E-08,-2.89965E-08,5.23676E-06,3.04481E-07
53,43187,Jamaica Bay,78,13,SNE,2,2016,192,-4.9,28.9,9.89592E-07,0.007182139,0.00016144,9.05181E-06,2.47641E-05,2.13262E-06,2.08945E-06,5.0553E-05,4.40966E-05,0.005020648,-2.29391E-08,-5.81944E-09,5.34746E-06,4.16639E-07
52,43187,Jamaica Bay,79,13,SNE,2,2016,193,-5.0,28.8,9.21974E-07,0.006934168,0.000134829,5.07651E-06,2.60899E-05,3.8669E-06,3.92622E-06,4.70706E-05,4.15981E-05,0.004970019,-2.93803E-08,-2.48152E-08,4.30689E-06,3.56973E-07
29,43187,Jamaica Bay,80,13,SNE,2,2016,194,-5.4,28.6,9.10993E-07,0.007081728,0.000126036,7.13196E-06,3.24914E-05,1.41186E-06,1.36682E-06,5.1371E-05,4.40336E-05,0.004703166,-2.52101E-08,-2.89575E-09,4.436E-06,2.96203E-07
51,43187,Jamaica Bay,81,13,SNE,2,2016,195,-5.4,28.9,9.74272E-07,0.007327766,0.00014484,6.15825E-06,2.98228E-05,1.6457E-06,1.69614E-06,3.60701E-05,3.295E-05,0.004890214,-1.67476E-08,-1.91214E-08,6.4337E-06,3.12962E-07
18,43187,Jamaica Bay,86,13,SNE,2,2016,196,-5.4,28.4,9.16386E-07,0.007541186,0.000145297,4.38616E-06,3.05922E-05,1.61149E-06,1.55958E-06,3.42544E-05,2.98376E-05,0.00477295,-4.89235E-08,-1.90609E-08,5.83175E-06,2.93331E-07
21,43187,Jamaica Bay,87,13,SNE,2,2016,198,-5.0,28.5,1.01934E-06,0.007582787,0.00018809,3.32733E-06,1.53169E-05,5.81728E-06,5.67627E-06,4.74539E-05,4.09188E-05,0.004471435,-3.55348E-08,-4.51281E-09,4.19034E-06,3.05034E-07
43,43187,Jamaica Bay,82,13,SNE,2,2016,199,-5.3,28.7,1.15352E-06,0.007374742,0.000120019,6.96968E-06,1.80078E-05,1.52497E-06,1.55853E-06,4.16711E-05,3.71859E-05,0.004891248,-3.61378E-08,-1.74955E-08,5.42588E-06,3.33495E-07
19,43187,Jamaica Bay,88,13,SNE,2,2016,200,-5.7,28.1,8.84083E-07,0.00746076,0.000158288,4.81827E-06,2.92843E-05,4.79537E-06,4.70204E-06,6.09705E-05,5.27129E-05,0.004757266,-2.53625E-08,-7.55171E-09,6.72509E-06,2.96323E-07
110,43187,Jamaica Bay,83,13,SNE,2,2016,201,-5.2,30.1,9.77615E-07,0.006698089,0.000170661,5.80216E-06,6.99101E-05,2.55125E-06,2.30289E-06,9.46644E-05,8.0607E-05,0.004893423,5.37878E-08,-1.71462E-08,5.48016E-06,3.34898E-07
176,43187,Beverly,1,1,GOM,1,2016,202,-3.1,31.9,1.42381E-06,0.006967135,0.000212237,7.68084E-06,1.68268E-05,3.95398E-06,4.05873E-06,4.29122E-05,3.79997E-05,0.004183039,1.53722E-07,-2.86251E-08,8.34526E-06,5.85158E-07
63,43343,Beverly,2,1,GOM,1,2016,203,-3.4,31.3,2.08448E-06,0.012342935,0.000195235,1.07898E-05,3.91944E-05,2.37761E-05,2.31898E-05,8.75629E-05,8.96745E-05,0.006837064,2.961E-07,1.08055E-07,1.82627E-05,8.67868E-07
64,43343,Beverly,3,1,GOM,1,2016,204,-2.6,31.8,1.77763E-06,0.010321137,0.000270673,6.72639E-06,5.49301E-05,2.19991E-05,2.15534E-05,0.000110795,0.000109342,0.005585046,3.04485E-07,1.36774E-07,1.3685E-05,2.24226E-06
65,43343,Beverly,4,1,GOM,1,2016,205,-3.5,31.7,1.53386E-06,0.007965933,0.000168638,2.08206E-05,9.90753E-05,1.86849E-05,1.78979E-05,6.94557E-05,6.70972E-05,0.004692844,2.5505E-07,2.44853E-07,1.29674E-05,5.25373E-07
66,43343,Beverly,5,1,GOM,1,2016,206,-3.3,31.4,1.79654E-06,0.010801769,0.000237041,1.09669E-05,5.74233E-05,2.50082E-05,2.38213E-05,0.000110536,0.000107878,0.005683894,3.08791E-07,1.09993E-07,1.41083E-05,4.1648E-07
67,43343,Beverly,6,1,GOM,1,2016,207,-2.7,31.5,2.12723E-06,0.012062413,0.000212119,8.8426E-06,5.05758E-05,2.6308E-05,2.53054E-05,9.8974E-05,9.79357E-05,0.006338994,3.04342E-07,6.86449E-08,1.8832E-05,1.90269E-06
68,43343,Beverly,7,1,GOM,1,2016,208,-3.4,31.1,1.52263E-06,0.007901355,0.000149286,4.83628E-06,8.55328E-05,2.28689E-05,2.21523E-05,0.000118847,0.000114995,0.004592862,2.92049E-07,2.58046E-07,1.64731E-05,1.6858E-06
69,43343,Beverly,8,1,GOM,1,2016,209,-3.4,31.4,1.98254E-06,0.011456884,0.000189814,9.62744E-06,4.28675E-05,1.85273E-05,1.81471E-05,8.78061E-05,8.67099E-05,0.007005319,3.03019E-07,5.43025E-08,2.01809E-05,-1.52771E-08
70,43343,Beverly,9,1,GOM,1,2016,210,-3.4,31.3,2.09835E-06,0.014402323,0.000200795,9.6554E-06,7.05765E-05,1.91754E-05,1.8685E-05,9.53181E-05,9.36099E-05,0.007667794,3.25223E-07,5.82338E-08,2.18968E-05,4.98111E-07
124,43187,Beverly,17,1,GOM,1,2016,211,-2.1,31.2,1.34541E-06,0.007516636,0.000187919,7.69665E-06,1.79845E-05,3.577E-06,3.48161E-06,4.23469E-05,3.78536E-05,0.004619001,1.28561E-07,-1.56555E-08,6.71079E-06,6.01869E-07
74,43343,Beverly,10,1,GOM,1,2016,212,-3.7,31.4,1.73176E-06,0.009734617,0.000177733,7.10464E-06,4.30762E-05,2.19416E-05,2.15619E-05,0.000101056,9.87016E-05,0.005605065,3.24298E-07,8.56006E-08,1.84126E-05,5.28696E-07
111,43187,Beverly,18,1,GOM,1,2016,213,-2.6,32.4,1.37925E-06,0.007512906,0.000198553,9.42715E-06,2.03611E-05,2.36665E-06,2.11167E-06,5.00654E-05,4.35861E-05,0.004217477,8.05672E-08,1.10554E-08,3.8748E-06,4.18396E-07
139,43187,Beverly,19,1,GOM,1,2016,215,-3.4,32.5,1.35817E-06,0.007379769,0.000236872,7.65742E-06,1.47096E-05,3.48095E-06,3.42631E-06,7.11385E-05,6.16142E-05,0.00432779,1.05393E-07,#VALUE!,7.61064E-06,5.17141E-07
75,43343,Beverly,11,1,GOM,1,2016,216,-3.5,31.7,2.18012E-06,0.012365418,0.000178046,7.89912E-06,4.72787E-05,2.35522E-05,2.30658E-05,8.91072E-05,8.5105E-05,0.0071089,4.33571E-07,1.39809E-07,1.98206E-05,8.399E-07
112,43187,Beverly,20,1,GOM,1,2016,217,-3.6,32.4,1.3513E-06,0.006970139,0.000219404,9.97386E-06,5.95603E-06,4.4531E-06,4.00462E-06,7.26607E-05,6.31861E-05,0.004304527,1.03835E-07,-3.67704E-08,6.43358E-06,6.40187E-07
137,43187,Beverly,21,1,GOM,1,2016,218,-2.9,32.6,1.39113E-06,0.007610091,0.000214766,8.89192E-06,1.62617E-05,2.2383E-06,2.26717E-06,5.46268E-05,4.72567E-05,0.004489228,9.19123E-08,#VALUE!,6.41335E-06,3.84705E-07
138,43187,Beverly,22,1,GOM,1,2016,219,-3.4,32.3,1.33585E-06,0.007359905,0.000196815,1.29803E-05,1.47063E-05,3.30149E-06,3.34507E-06,5.664E-05,4.87454E-05,0.00436548,1.29795E-07,#VALUE!,7.44676E-06,5.1056E-07
143,43187,Beverly,23,1,GOM,1,2016,220,-2.8,32.3,1.34889E-06,0.007605093,0.000180067,1.32636E-05,1.68827E-05,2.49256E-06,2.56752E-06,4.92406E-05,4.31962E-05,0.004535823,1.98569E-07,#VALUE!,1.10235E-05,4.42029E-07
131,43187,Beverly,24,1,GOM,1,2016,221,-3.4,32.4,1.39863E-06,0.007258016,0.00019182,9.24177E-06,1.29528E-05,2.47921E-06,2.49846E-06,4.2712E-05,3.79994E-05,0.004548726,1.0052E-07,-1.23128E-08,1.05241E-05,4.24791E-07
145,43187,Beverly,25,1,GOM,1,2016,222,-2.7,32.4,1.33288E-06,0.007014576,0.000154139,7.90286E-06,1.57173E-05,3.26631E-06,3.41878E-06,5.17042E-05,4.61104E-05,0.004354808,1.30785E-07,#VALUE!,8.76127E-06,5.47022E-07
172,43187,Beverly,26,1,GOM,1,2016,223,-4.5,31.9,1.39686E-06,0.007051204,0.000164204,1.3661E-05,6.89921E-06,3.41279E-06,3.41886E-06,3.77756E-05,3.38535E-05,0.004346077,1.47862E-07,-2.37705E-08,7.50865E-06,5.57798E-07
76,43343,Beverly,12,1,GOM,1,2016,224,-4.3,31.0,2.40777E-06,0.014844311,0.000194709,1.54565E-05,0.000110168,2.87933E-05,2.7835E-05,0.000108982,0.000107027,0.008098689,4.06333E-07,9.37718E-08,2.01223E-05,4.17227E-06
77,43343,Beverly,13,1,GOM,1,2016,225,-2.8,31.3,2.00675E-06,0.011367178,0.000161889,7.73893E-06,3.43249E-05,2.01342E-05,1.96883E-05,8.81225E-05,8.55985E-05,0.006492679,3.50842E-07,8.7844E-08,1.88355E-05,2.74621E-07
78,43343,Beverly,14,1,GOM,1,2016,226,-3.0,31.1,9.13925E-07,-8.89182E-05,0.000358645,2.43727E-06,7.36213E-05,3.8319E-05,3.5549E-05,8.84518E-05,8.72384E-05,0.000155224,6.70762E-07,1.10871E-07,9.44704E-06,1.36485E-06
79,43343,Beverly,15,1,GOM,1,2016,227,-3.5,31.2,2.99529E-06,0.019118896,0.000260376,1.11855E-05,7.42997E-05,2.62384E-05,2.57195E-05,0.000108222,0.000104111,0.010921311,4.09365E-07,5.42265E-08,2.46908E-05,4.56005E-07
80,43343,Beverly,16,1,GOM,1,2016,228,-3.6,31.6,2.0822E-06,0.011292254,0.000178391,7.21192E-06,3.09981E-05,2.01367E-05,1.98181E-05,9.58471E-05,9.22615E-05,0.006543034,4.15145E-07,4.0815E-08,1.59828E-05,2.08199E-06
150,43187,NJ,134,17,SNE,2,2016,229,-5.6,30.1,1.1466E-06,0.006776903,9.09213E-05,7.30916E-06,5.59281E-06,2.44478E-06,2.54524E-06,1.44055E-05,1.30807E-05,0.00471077,1.4095E-07,#VALUE!,5.12262E-06,4.57481E-07
122,43187,NJ,135,17,SNE,2,2016,230,-3.9,29.8,1.115E-06,0.007125158,0.000123703,2.55865E-05,8.89465E-06,2.32651E-06,2.19728E-06,3.63874E-05,3.29525E-05,0.004805319,9.63935E-08,-1.89993E-08,5.58704E-06,4.04474E-07
146,43187,NJ,136,17,SNE,2,2016,231,,,1.28478E-06,0.006777901,6.1388E-05,1.62011E-05,3.53379E-06,2.70107E-06,2.78097E-06,1.4948E-05,1.37145E-05,0.004696832,1.36148E-07,#VALUE!,5.41869E-06,5.10061E-07
133,43187,NJ,137,17,SNE,2,2016,232,-3.7,30.2,1.09487E-06,0.00719313,0.00012581,2.42824E-05,1.04688E-05,2.71265E-06,2.70392E-06,2.60824E-05,2.33784E-05,0.004778139,1.12642E-07,1.10128E-07,6.56017E-06,5.67238E-07
54,43187,NJ,138,17,SNE,2,2016,233,-3.5,28.1,8.54616E-07,0.007293934,0.000109458,1.93894E-05,1.01837E-05,1.53987E-06,1.53371E-06,3.02542E-05,2.70921E-05,0.00537433,-3.2603E-08,3.44757E-08,6.47863E-06,2.75654E-07
186,43187,Cotuit,28,7,SNE,2,2016,234,-3.3,29.7,1.11788E-06,0.006258379,0.00014276,3.57301E-06,1.4259E-05,3.39267E-06,3.67809E-06,2.9919E-05,2.68752E-05,0.005060398,1.51381E-07,-2.01162E-08,1.16921E-05,5.4472E-07
183,43187,NJ,139,17,SNE,2,2016,235,-3.8,30.5,4.19588E-06,0.006673354,0.000114711,1.97272E-05,2.65589E-05,4.88692E-06,5.1864E-06,3.95569E-05,3.51452E-05,0.004794734,1.67926E-07,2.78668E-09,6.40107E-06,7.99928E-07
144,43187,NJ,140,17,SNE,2,2016,236,-4.7,29.9,1.08004E-06,0.007186558,0.000163792,2.7762E-05,1.30732E-05,2.48349E-06,2.57906E-06,3.76077E-05,3.31867E-05,0.004449917,1.00048E-07,#VALUE!,6.55504E-06,4.15933E-07
177,43187,NJ,141,17,SNE,2,2016,237,-4.1,29.8,1.08552E-06,0.006985933,0.000152282,3.95281E-05,1.09513E-05,2.95402E-06,3.08249E-06,2.90265E-05,2.62561E-05,0.004703203,1.18385E-07,#VALUE!,6.39224E-06,4.99567E-07
151,43187,NJ,142,17,SNE,2,2016,238,-3.6,30.1,1.15994E-06,0.006668101,0.000122579,2.872E-05,6.4167E-06,4.16968E-06,4.29775E-06,3.27825E-05,2.89066E-05,0.004633204,1.59235E-07,#VALUE!,6.11364E-06,5.16191E-07
148,43187,NJ,143,17,SNE,2,2016,239,-4.0,30.0,1.16358E-06,0.006720582,0.000101109,1.30319E-05,8.9842E-06,3.14913E-06,3.28367E-06,2.38234E-05,2.14643E-05,0.00440776,1.65901E-07,#VALUE!,4.89484E-06,6.71053E-07
125,43187,NJ,144,17,SNE,2,2016,240,-3.9,29.9,1.12135E-06,0.007262033,0.000129963,1.80935E-05,8.22194E-06,2.18448E-06,2.12778E-06,3.01046E-05,2.73272E-05,0.004932135,9.77066E-08,-1.99759E-08,6.49648E-06,4.26641E-07
152,43187,NJ,145,17,SNE,2,2016,241,-4.5,29.9,1.14281E-06,0.006391525,7.88328E-05,2.20845E-05,5.90061E-06,4.45241E-06,4.52053E-06,3.25841E-05,2.84461E-05,0.004619898,1.83259E-07,#VALUE!,7.29037E-06,5.80279E-07
73,43187,NJ,146,17,SNE,2,2016,242,,,9.66887E-07,0.007973598,0.000133309,2.18495E-05,1.18164E-05,1.84876E-06,1.68274E-06,3.09908E-05,2.76307E-05,0.004916685,-1.277E-08,4.77363E-09,5.37511E-06,3.42511E-07
173,43187,NJ,147,17,SNE,2,2016,243,-3.7,29.8,1.16024E-06,0.006996019,0.000154188,2.62455E-05,9.61025E-06,3.09717E-06,3.12083E-06,3.45419E-05,3.13535E-05,0.004748412,1.2856E-07,-2.51869E-08,5.81952E-06,5.09753E-07
130,43187,NJ,148,17,SNE,2,2016,245,-4.3,29.7,1.1641E-06,0.007258319,0.000233444,2.88903E-05,2.04341E-05,8.93651E-06,9.02433E-06,5.14268E-05,4.55809E-05,0.004663136,2.07743E-07,-2.41708E-09,5.349E-06,1.55209E-06
81,43343,Quincy Bay,161,15,SNE,2,2016,246,-3.3,30.5,1.30678E-06,0.005162844,0.000158771,6.17253E-06,6.42191E-05,2.46851E-05,2.39019E-05,0.000110556,0.000110797,0.00291244,3.41369E-07,5.78846E-07,1.36034E-05,1.2861E-06
82,43343,Quincy Bay,162,15,SNE,2,2016,247,-4.1,30.3,1.67011E-06,0.008015992,0.000207437,8.85211E-06,2.8214E-05,1.79455E-05,1.76527E-05,0.0001015,9.87056E-05,0.004477629,3.63354E-07,1.36416E-07,1.2461E-05,2.26833E-06
174,43187,Quincy Bay,159,15,SNE,2,2016,248,-3.2,31.1,1.31587E-06,0.006668024,0.000235533,9.81653E-06,7.35477E-06,5.16163E-06,5.34684E-06,6.59978E-05,5.84737E-05,0.004158906,2.10573E-07,#VALUE!,5.33888E-06,8.15666E-07
149,43187,Quincy Bay,160,15,SNE,2,2016,250,-3.5,30.9,1.1927E-06,0.006826103,7.99773E-05,4.98317E-06,1.0881E-05,4.08146E-06,4.17628E-06,1.99426E-05,1.81117E-05,0.004503367,1.62081E-07,#VALUE!,4.39962E-06,5.96714E-07
67,43187,Waquoit,163,8,SNE,2,2016,251,-2.6,29.2,1.14644E-06,0.007940593,0.000128201,7.24745E-06,1.38405E-05,1.65389E-06,1.42479E-06,2.87511E-05,2.6557E-05,0.004887167,2.44949E-08,-6.40514E-10,1.54403E-05,2.92909E-07
69,43187,Waquoit,164,8,SNE,2,2016,252,-1.8,29.4,1.18677E-06,0.007789665,0.00022275,1.02621E-05,1.39639E-05,1.38151E-06,1.17951E-06,2.64395E-05,2.42673E-05,0.004684506,-3.28151E-08,-3.42254E-09,1.33383E-05,2.24689E-07
134,43187,Waquoit,165,8,SNE,2,2016,253,-3.0,31.2,1.26343E-06,0.006913019,0.000177917,7.92215E-06,5.59935E-06,2.14721E-06,2.24991E-06,4.74294E-05,4.3018E-05,0.004689266,1.07759E-07,#VALUE!,1.34932E-05,4.05775E-07
135,43187,Waquoit,166,8,SNE,2,2016,254,-2.2,31.0,1.24345E-06,0.007183606,0.000165413,1.14855E-05,1.04364E-05,3.01971E-06,3.02478E-06,3.18765E-05,2.87966E-05,0.004761337,1.972E-07,#VALUE!,1.36298E-05,4.94842E-07
96,43187,Waquoit,167,8,SNE,2,2016,255,-2.4,31.2,1.1325E-06,0.00699016,0.000155292,8.80879E-06,9.82741E-06,1.80574E-06,1.63249E-06,3.64378E-05,3.32937E-05,0.00522388,1.33458E-08,-2.20284E-08,1.5721E-05,3.59864E-07
121,43187,Waquoit,168,8,SNE,2,2016,256,-2.9,31.2,1.24339E-06,0.007605434,0.000234342,8.30357E-06,2.25701E-05,2.51247E-06,2.3584E-06,6.63406E-05,5.73627E-05,0.005018091,9.7661E-08,-8.14544E-09,1.22773E-05,4.44366E-07
147,43187,Waquoit,169,8,SNE,2,2016,257,-2.4,31.5,1.29113E-06,0.006747823,0.000101565,4.56569E-06,7.57833E-06,2.87745E-06,2.92313E-06,1.72244E-05,1.70199E-05,0.004585782,1.45166E-07,#VALUE!,1.46685E-05,5.19042E-07
189,43187,Waquoit,170,8,SNE,2,2016,258,-2.1,30.9,1.21288E-06,0.006658849,0.000106436,8.09029E-06,4.00856E-06,3.19749E-06,3.48457E-06,2.37332E-05,2.25586E-05,0.004615203,1.94718E-07,-2.5151E-08,1.16371E-05,5.88059E-07
190,43187,Waquoit,171,8,SNE,2,2016,259,-2.3,30.8,1.3398E-06,0.00670052,0.000186585,6.23619E-06,1.02091E-05,4.50332E-06,4.91981E-06,0.00011116,9.6539E-05,0.004446208,2.0681E-07,-1.91681E-08,1.34636E-05,6.88987E-07
95,43187,Waquoit,172,8,SNE,2,2016,260,-2.7,31.4,1.23245E-06,0.007535412,0.000167343,3.73885E-06,7.20809E-06,1.57869E-06,1.41866E-06,3.71322E-05,3.42305E-05,0.004896467,1.41948E-08,-9.52595E-09,1.77133E-05,3.59519E-07
136,43187,Waquoit,173,8,SNE,2,2016,261,-2.2,31.0,1.29005E-06,0.007472639,0.000202126,1.1732E-05,1.4033E-05,2.33277E-06,2.35578E-06,3.72266E-05,3.36524E-05,0.004671573,9.43756E-08,#VALUE!,1.27764E-05,4.27493E-07
119,43187,Waquoit,174,8,SNE,2,2016,262,-2.2,31.0,1.27669E-06,0.007045089,9.57114E-05,6.58864E-06,5.3441E-06,2.29417E-06,2.02154E-06,2.55394E-05,2.37238E-05,0.004949551,9.77528E-08,#VALUE!,1.44516E-05,4.2002E-07
123,43187,Waquoit,175,8,SNE,2,2016,263,-2.7,31.6,1.23773E-06,0.006793575,0.000150781,2.48728E-06,1.16043E-05,2.70144E-06,2.55948E-06,3.59863E-05,3.28498E-05,0.004676567,1.16421E-07,-1.42865E-08,8.38126E-06,4.87786E-07
132,43187,Waquoit,176,8,SNE,2,2016,264,-2.4,31.3,1.2304E-06,0.006781973,0.000189257,6.3249E-06,5.38629E-06,3.74898E-06,3.78778E-06,4.11028E-05,3.73581E-05,0.004561041,1.25295E-07,-1.89692E-08,1.49969E-05,5.63002E-07
97,43187,Waquoit,177,8,SNE,2,2016,265,-2.5,31.2,1.19631E-06,0.007851639,0.000211298,8.42385E-06,8.81385E-06,1.69188E-06,1.51388E-06,4.76399E-05,4.26073E-05,0.004801198,1.22084E-08,-1.12886E-08,1.18617E-05,3.45409E-07
175,43187,Waquoit,178,8,SNE,2,2016,266,-3.5,30.9,1.35235E-06,0.007269846,0.000220231,1.50272E-05,2.63786E-05,5.50995E-06,5.70331E-06,6.0402E-05,5.31875E-05,0.004606532,1.27987E-07,2.61198E-08,1.64923E-05,8.2237E-07
126,43187,Waquoit,179,8,SNE,2,2016,267,-2.2,31.3,1.20053E-06,0.007433053,0.000211639,9.26964E-06,1.88993E-05,2.40935E-06,2.42073E-06,3.83314E-05,3.44552E-05,0.004532412,7.29372E-08,-4.59867E-09,1.32667E-05,3.3447E-07
184,43187,Waquoit,180,8,SNE,2,2016,268,-1.8,31.0,1.20778E-06,0.006587787,0.000110001,7.82349E-06,4.41218E-06,3.2155E-06,3.46863E-06,2.21896E-05,2.10852E-05,0.004638396,1.65795E-07,-2.64539E-08,1.13525E-05,5.85719E-07
72,43187,Waquoit,181,8,SNE,2,2016,269,-2.2,29.4,1.10518E-06,0.007869562,0.000166504,5.97058E-06,1.66148E-05,1.83036E-06,1.77355E-06,3.11883E-05,2.84715E-05,0.004864609,-1.61161E-08,-1.39846E-08,1.33102E-05,2.46251E-07
188,43187,Cotuit,29,7,SNE,2,2016,270,-2.3,30.8,1.11467E-06,0.006220432,0.000150145,5.26969E-06,1.43316E-05,3.2767E-06,3.6155E-06,2.65504E-05,2.40801E-05,0.004987356,1.60157E-07,-1.50042E-08,1.04954E-05,5.47889E-07
181,43187,Cotuit,30,7,SNE,2,2016,272,-2.7,30.4,1.10847E-06,0.006244341,0.000159121,2.88089E-06,7.3246E-06,4.12446E-06,4.4612E-06,2.36676E-05,2.11405E-05,0.005045807,1.49255E-07,-2.4975E-08,1.01045E-05,5.76437E-07
182,43187,Cotuit,31,7,SNE,2,2016,273,-1.8,30.6,1.11375E-06,0.006123702,0.000151733,2.15156E-06,6.95207E-06,3.95389E-06,4.27423E-06,2.62089E-05,2.36868E-05,0.005034724,1.55538E-07,-3.05924E-08,8.64287E-06,5.88138E-07
98,43187,Cotuit,32,7,SNE,2,2016,274,-2.2,30.9,1.07689E-06,0.006787441,0.000129544,2.38326E-06,3.05891E-06,1.94378E-06,1.68879E-06,2.82056E-05,2.49513E-05,0.006038225,1.49654E-08,1.23938E-08,9.95364E-06,6.0177E-07
185,43187,NJ,149,17,SNE,2,2016,276,-2.1,30.6,1.14018E-06,0.006660388,0.000103575,1.94633E-05,6.82043E-06,2.97738E-06,3.22759E-06,2.3677E-05,2.09939E-05,0.004966223,1.58221E-07,-1.86177E-08,6.8418E-06,5.62094E-07
187,43187,Waquoit,182,8,SNE,2,2016,277,-2.5,31.5,1.28288E-06,0.006577119,0.00017593,7.10127E-06,6.82037E-05,4.34584E-06,4.55297E-06,3.23956E-05,2.9719E-05,0.00436515,1.78527E-07,-2.22375E-08,1.05362E-05,6.86485E-07
44,43187,Cotuit,33,7,SNE,2,2016,278,-2.5,29.2,1.02088E-06,0.007034304,0.000120554,2.94385E-06,1.17302E-06,1.15961E-06,1.22131E-06,2.27561E-05,2.058E-05,0.004923105,-4.15319E-08,-2.00056E-08,9.12583E-06,2.79485E-07
108,43187,Cotuit,34,7,SNE,2,2016,279,-2.1,30.7,1.02248E-06,0.006698275,9.82099E-05,4.87381E-06,1.17137E-05,2.0092E-06,1.68517E-06,2.97258E-05,2.61751E-05,0.005117791,4.45046E-08,-2.91208E-08,7.29368E-06,3.68549E-07
118,43187,Cotuit,35,7,SNE,2,2016,280,-1.8,30.5,1.04857E-06,0.006567883,0.000133987,4.83737E-06,1.02396E-05,2.4787E-06,2.21729E-06,4.97492E-05,4.40539E-05,0.005355249,8.72357E-08,3.79233E-08,1.07004E-05,4.79811E-07
68,43187,Cotuit,36,7,SNE,2,2016,281,,,9.34354E-07,0.007071284,8.99416E-05,3.10268E-06,1.61639E-06,1.33526E-06,1.18181E-06,2.27995E-05,2.05613E-05,0.004990938,-5.09755E-08,-2.07569E-08,7.81852E-06,3.10945E-07
99,43187,Cotuit,37,7,SNE,2,2016,282,-2.9,30.6,1.09188E-06,0.006903515,0.000138894,3.38227E-06,9.24942E-06,1.84389E-06,1.64171E-06,2.6316E-05,2.30904E-05,0.005383774,1.48086E-08,-1.59528E-08,9.06111E-06,3.68196E-07
92,43187,Jamaica Bay,84,13,SNE,2,2016,283,-1.4,30.7,1.03494E-06,0.006863435,0.00011964,2.79526E-06,3.58493E-06,1.28364E-06,1.20536E-06,1.97606E-05,1.83872E-05,0.005749597,9.29825E-09,-2.66478E-08,9.70701E-06,2.98761E-07
117,43187,Cotuit,38,7,SNE,2,2016,284,-2.7,30.5,1.14061E-06,0.006922673,0.000156096,5.14594E-06,1.19239E-05,1.99225E-06,1.67642E-06,2.17485E-05,1.99474E-05,0.004923772,7.62028E-08,-2.49569E-08,1.12895E-05,3.53922E-07
120,43187,Cotuit,39,7,SNE,2,2016,285,-2.4,30.6,1.1415E-06,0.006829003,0.000129624,2.80492E-06,1.60355E-05,2.42078E-06,2.16713E-06,3.04395E-05,2.72048E-05,0.00490308,8.28779E-08,-2.19762E-08,7.19687E-06,3.74157E-07
93,43187,Cotuit,40,7,SNE,2,2016,286,-2.1,30.7,9.55155E-07,0.00667342,0.000107664,1.93705E-06,4.00815E-06,1.43462E-06,1.32588E-06,2.67691E-05,2.38523E-05,0.005411745,9.67563E-09,-1.07201E-08,8.294E-06,3.36195E-07
70,43187,Cotuit,41,7,SNE,2,2016,287,-2.3,29.1,1.01704E-06,0.007321661,0.000130574,5.49404E-06,1.58132E-05,1.74485E-06,1.53101E-06,2.55114E-05,2.31979E-05,0.005848229,-2.7125E-08,-8.22896E-09,8.99692E-06,2.48058E-07
109,43187,Cotuit,42,7,SNE,2,2016,288,-2.4,30.6,1.03276E-06,0.00634177,0.000155004,5.79926E-06,1.07698E-05,2.82817E-06,2.53003E-06,4.49027E-05,3.97767E-05,0.005337325,5.39268E-08,-1.6211E-08,7.08322E-06,4.38676E-07
57,43187,Cotuit,43,7,SNE,2,2016,289,,,9.82563E-07,0.007236797,0.000122346,1.85848E-06,6.06676E-06,1.57669E-06,1.42853E-06,2.56231E-05,2.30002E-05,0.005544754,-4.1576E-08,-1.86245E-08,1.01066E-05,2.86E-07
